{
    "accuracy": 0.9937038050917054,
    "precision": 0.9943977591036415,
    "recall": 0.9948622139187295,
    "f1_score": 0.9946299322904506,
    "auc_roc": 0.9998671688302702
}